Breed Name,Weight(g),Height(cm),Longevity(yrs),Energy level,Attention Needs,Coat Lenght,Sex,Owner Name
Pit Bull,27799.3241,46.0493,11.9799,med,high,short,female,Booth
Samoyed,21684.7141,50.7404,10.5713,med,high,med,female,Tapia
Great Dane,49253.0208,75.0864,7.4179,med,med,short,male,Huff
Jack Russel Terrier,5158.3458,33.7199,13.1991,high,high,short,female,Smith
Samoyed,14938.2103,,10.8263,med,high,long,female,Frazier
Great Dane,47530.5696,79.7346,7.5211,med,high,short,male,Erickson
Samoyed,23690.8979,52.2651,11.2188,med,high,med,female,Berry
Samoyed,13465.191,53.9787,11.2234,med,high,long,male,Sherman
Pit Bull,27896.4774,45.8061,12.0521,med,high,short,male,Martin
Great Dane,47928.8226,74.9248,7.0642,med,med,med,male,Sheppard
Great Dane,53268.6913,,6.932,med,high,short,female,Suarez
Pit Bull,28245.9713,46.3301,11.8541,low,high,short,female,Miller
Jack Russel Terrier,7299.3563,34.7498,14.2565,high,high,med,female,Brandt
Samoyed,22795.4548,,10.7215,med,high,med,female,Woods
Jack Russel Terrier,6637.9674,33.7204,13.436,high,med,short,female,Payne
Samoyed,22207.2321,54.3936,11.3174,med,high,long,male,Leonard
Great Dane,50025.8621,79.2155,6.8786,med,high,short,male,Hanson
Samoyed,19927.7784,53.9904,9.0858,low,high,long,female,Martin
Great Dane,48931.204,77.7255,6.5818,med,high,short,male,Hodge
Great Dane,49216.9409,,7.3339,med,high,short,female,Donaldson
Jack Russel Terrier,5637.2295,34.3335,15.5131,high,med,med,female,Hopkins
Pit Bull,41362.7102,46.0316,13.1776,med,high,short,male,Osborne
Pit Bull,21133.9024,46.1642,11.1529,high,high,short,female,Valenzuela
Pit Bull,26346.193,46.7797,12.5697,low,high,short,male,Williams
Pit Bull,27042.3424,45.9366,12.4597,med,med,short,female,Camacho
Samoyed,27231.5643,52.1164,10.5165,low,high,med,female,Miller
Great Dane,45846.6204,76.3205,6.121,low,high,short,female,Brown
Pit Bull,34877.6304,,11.6617,med,high,med,male,Wilson
Jack Russel Terrier,5357.2981,34.3062,14.8348,high,low,short,female,Flores
Samoyed,27573.8319,51.8008,11.1158,high,high,med,male,Harris
Pit Bull,19012.4652,45.8527,12.2684,med,high,short,female,Zimmerman
Great Dane,49246.5965,,7.1544,med,high,med,female,Perez
Jack Russel Terrier,4863.4277,,14.162,high,high,med,male,Houston
Great Dane,45905.4763,,6.4458,med,high,short,male,Bradley
Pit Bull,27963.9069,46.383,11.6334,low,med,short,male,Roberts
Great Dane,51365.4229,79.3455,7.5851,high,high,short,male,Nguyen
Samoyed,21655.3465,53.3404,10.5717,med,high,med,female,Barker
Samoyed,24501.9016,51.0098,10.7356,med,high,med,male,Chen
Great Dane,50798.2128,77.6055,7.5919,med,high,short,male,Ruiz
Jack Russel Terrier,7828.5406,33.6419,12.5031,high,med,short,female,Owens
Samoyed,19593.5664,54.1302,10.8917,med,high,short,male,Potter
Jack Russel Terrier,6394.9389,34.6103,13.9422,high,med,short,female,Myers
Samoyed,21312.0969,55.5651,10.5082,med,high,med,male,Hays
Jack Russel Terrier,6587.0547,33.8245,13.2397,high,med,med,male,Thomas
Jack Russel Terrier,8145.5511,34.2905,14.912,high,med,short,male,Beltran
Great Dane,53127.5495,74.7413,7.1266,med,high,short,male,Lopez
Samoyed,22030.4565,54.5855,10.6076,med,high,med,female,Gonzalez
Pit Bull,15964.8293,46.0142,12.3418,med,high,short,female,Curtis
Jack Russel Terrier,6996.8828,34.5242,13.2684,high,med,short,female,Lee
Great Dane,46386.8108,81.0488,6.7033,med,high,short,male,Hall
Great Dane,53877.7818,82.5267,6.8742,med,high,short,male,White
Jack Russel Terrier,7619.9682,34.0991,13.5903,high,med,short,male,Pittman
Pit Bull,31262.016,,12.2313,med,high,short,female,Villegas
Jack Russel Terrier,6089.2335,34.4595,13.7084,high,high,short,female,Stephenson
Samoyed,23212.8462,,10.8095,med,high,short,male,Phillips
Great Dane,51402.3983,78.2209,7.9215,med,high,short,female,Avila
Pit Bull,41246.0292,46.8127,12.3988,med,high,short,male,Brown
Samoyed,25807.0544,53.3486,11.1985,med,med,med,female,Pace
Jack Russel Terrier,6823.0095,33.6897,12.9453,high,med,med,female,Hart
Great Dane,45283.6721,,7.8225,med,high,short,female,Collins
Great Dane,46472.7656,81.4674,7.1953,med,high,short,male,Ruiz
Samoyed,23625.6383,54.187,10.6877,med,med,med,male,Guerra
Great Dane,47121.6182,79.316,7.693,med,high,short,male,Davis
Samoyed,30921.812,55.0002,9.8298,low,high,med,female,Hampton
Jack Russel Terrier,6984.956,34.5161,13.5536,high,med,short,female,Lewis
Jack Russel Terrier,6945.0442,,14.9018,high,med,short,female,Peck
Pit Bull,25216.693,,11.9945,high,high,med,male,Rivera
Samoyed,32161.6506,52.1179,11.3403,med,med,long,female,Warren
Great Dane,51612.9434,77.5762,8.2915,med,med,med,female,Wright
Jack Russel Terrier,4302.6641,34.4117,13.5272,high,med,short,male,Jackson
Samoyed,23213.5809,,11.8587,med,high,med,female,Gonzalez
Pit Bull,27215.7563,46.4115,11.8033,low,high,short,female,Young
Samoyed,21660.7008,56.8381,10.4987,med,high,med,female,Rivera
Pit Bull,22952.6808,47.8718,11.3301,med,high,short,male,Mcintosh
Jack Russel Terrier,6726.6972,34.2822,13.3555,high,med,short,male,Lopez
Pit Bull,25412.9992,46.6768,11.5485,low,med,short,female,Greene
Samoyed,24875.7902,51.4918,10.8729,high,high,med,male,Macias
Great Dane,48821.339,80.7535,7.6679,med,med,short,female,Wilkinson
Jack Russel Terrier,6512.0443,,13.4452,high,med,short,male,Turner
Pit Bull,23691.578,,11.7743,med,high,short,female,Hernandez
Samoyed,20246.3474,52.9809,10.3972,med,high,med,male,Hanson
Great Dane,54457.3529,,6.3374,med,high,short,female,Chaney
Pit Bull,34446.5879,,12.2022,med,med,short,female,Warren
Great Dane,51452.4824,77.3958,7.2403,med,high,short,female,Braun
Great Dane,47757.1983,,6.3858,med,high,short,female,Carson
Great Dane,50647.335,78.2063,7.7752,med,high,short,female,Cole
Jack Russel Terrier,5928.2788,34.2281,13.4516,high,med,short,female,Leblanc
Jack Russel Terrier,6483.4734,34.214,14.6374,high,med,short,female,Reese
Jack Russel Terrier,4648.9644,34.1637,14.9422,high,med,med,female,Armstrong
Pit Bull,27088.775,45.6697,12.3053,high,high,med,female,Schneider
Pit Bull,20592.2533,46.0693,11.9599,med,high,short,male,Williams
Great Dane,51562.6617,79.081,6.9929,med,med,short,female,Hatfield
Great Dane,49569.2915,78.2716,7.4971,high,high,short,female,Wallace
Pit Bull,34408.7054,44.7966,11.8258,med,high,med,male,Johnson
Samoyed,20246.1235,52.8684,10.9872,med,high,med,male,Pierce
Pit Bull,21133.6558,46.1915,12.4623,med,high,short,female,Skinner
Jack Russel Terrier,6246.0486,33.6425,13.3871,high,low,short,male,Kim
Samoyed,23281.5912,52.8074,11.3519,med,high,med,female,Rodriguez
Pit Bull,25007.7099,46.9472,13.0281,high,high,short,male,Allen
Pit Bull,10256.0535,44.9022,12.2457,med,high,short,male,Ford
Jack Russel Terrier,6531.1708,33.8682,14.0881,high,med,short,male,Martinez
Great Dane,51355.8203,78.6613,6.4937,med,high,short,female,Nicole
Great Dane,47271.9057,,7.2487,med,high,short,female,Castro
Great Dane,54563.4451,78.1645,6.9167,med,high,short,male,Davis
Great Dane,50629.1406,79.1007,5.5934,med,high,med,male,Keller
Pit Bull,11890.2499,45.1669,11.2674,med,high,short,female,Williams
Samoyed,26712.5832,52.3649,10.7502,med,high,med,female,Bass
Great Dane,48873.5763,78.8721,6.8168,med,med,short,male,Woodward
Great Dane,48963.6438,77.6788,5.7837,med,high,short,male,Morales
Jack Russel Terrier,6844.6293,34.1836,12.9533,high,med,short,male,Diaz
Samoyed,23118.6612,52.685,10.4254,med,high,med,female,Baird
Jack Russel Terrier,7033.7517,,14.0387,med,med,short,male,Hahn
Jack Russel Terrier,5951.7899,33.9824,14.3324,high,high,med,female,Lopez
Jack Russel Terrier,7367.3075,34.3545,13.7864,high,high,short,male,Evans
Samoyed,21192.6848,53.9047,11.0583,med,high,med,female,Wiggins
Great Dane,55079.2283,,7.1819,med,high,short,female,Johnson
Great Dane,52575.8608,,6.7791,med,high,short,female,Kirk
Pit Bull,18797.4444,46.302,11.8347,med,high,short,male,Rose
Great Dane,47145.2419,,6.5814,med,high,short,male,George
Great Dane,57187.8437,79.29,6.4521,high,high,short,female,Wheeler
Jack Russel Terrier,6502.2073,,12.8624,high,med,short,female,Scott
Great Dane,51970.9111,82.3348,7.9466,med,high,short,male,Fox
Samoyed,31535.1679,,11.5716,med,high,med,male,Merritt
Pit Bull,14353.5063,,11.4859,med,high,short,male,Foster
Great Dane,49525.5558,78.1288,7.066,med,high,short,male,Caldwell
Pit Bull,24179.1842,,13.4743,low,high,short,male,Hernandez
Great Dane,45836.0998,81.6213,7.2324,high,high,short,male,Mata
Samoyed,26572.1318,,11.6123,med,high,long,female,Diaz
Great Dane,49490.5822,78.8295,6.8018,med,high,short,male,Stone
Great Dane,45830.5966,84.1193,6.4882,med,high,short,male,Stafford
Pit Bull,20152.7266,45.6675,12.9092,med,high,short,male,Foster
Pit Bull,29815.9819,47.1016,11.5257,med,high,short,female,Nolan
Jack Russel Terrier,6687.9971,33.5027,14.0645,high,low,short,male,Reid
Great Dane,47113.0755,80.1773,7.1956,high,high,short,male,Johnson
Great Dane,49549.7245,81.2208,6.552,med,med,short,female,Ward
Great Dane,53025.2796,,7.2744,low,high,short,male,Mcmillan
Pit Bull,30603.4993,,12.6571,med,high,short,female,Zhang
Jack Russel Terrier,6605.8081,33.3687,13.505,med,low,short,male,Bowers
Jack Russel Terrier,6735.2242,34.756,14.5141,high,med,short,female,Hopkins
Jack Russel Terrier,7113.0446,34.2069,14.5987,high,med,short,female,Wheeler
Samoyed,18485.3096,54.4359,10.2766,high,high,short,male,Bush
Great Dane,54746.2491,76.8435,7.6322,high,high,short,female,Adams
Pit Bull,33319.5998,46.4719,13.0122,med,high,short,male,Hunter
Great Dane,56190.3211,,7.1234,med,high,short,female,Steele
Samoyed,23985.6109,,11.1655,med,high,long,female,Curtis
Pit Bull,31239.8708,46.0678,11.2985,med,high,short,female,Douglas
Samoyed,21513.0131,52.4121,11.5253,med,high,med,male,Reynolds
Great Dane,46250.6212,80.2362,7.1101,med,high,short,male,Brown
Pit Bull,10261.8202,45.3426,12.2871,high,med,med,male,Morrison
Pit Bull,25477.0444,45.8954,12.9908,low,high,short,female,Deleon
Pit Bull,21190.7406,45.8629,12.4497,med,high,short,male,Willis
Jack Russel Terrier,5064.6394,,14.2345,high,med,short,female,Holder
Pit Bull,31719.9213,,12.0415,med,med,short,male,Allen
Samoyed,17966.3132,,10.7604,med,high,med,male,Warren
Great Dane,45749.1277,78.9281,6.8254,med,high,short,male,Walter
Samoyed,18358.0129,52.0054,11.1908,high,high,med,male,Sullivan
Samoyed,25997.9988,,11.3546,med,med,med,female,Briggs
Jack Russel Terrier,5073.5445,34.0372,13.8008,high,med,short,female,Green
Great Dane,47043.8655,,6.355,med,high,short,female,Weiss
Great Dane,50707.98,79.0645,6.4496,med,high,short,male,Valenzuela
Great Dane,51067.0623,77.8235,6.1275,med,high,short,female,Miller
Samoyed,20682.175,53.6403,10.5562,med,high,short,male,Willis
Jack Russel Terrier,5777.0771,33.5361,12.9386,high,med,short,male,Simpson
Jack Russel Terrier,6360.7999,34.5603,14.4576,high,med,med,female,Hayden
Samoyed,27058.7762,54.7044,10.9622,med,high,long,female,Sanders
Samoyed,23535.8149,,11.7173,med,high,med,male,Potter
Pit Bull,26654.9699,46.1954,11.8963,med,med,short,female,Murphy
Samoyed,21382.9524,,10.5617,low,high,med,female,Foster
Samoyed,24427.3308,54.1599,11.2559,med,high,short,female,Pearson
Samoyed,25590.4207,54.6393,10.9377,med,high,med,female,Jones
Great Dane,53519.2949,80.8687,7.7559,med,high,short,male,Jarvis
Jack Russel Terrier,6892.2326,,13.6965,med,med,short,male,Robbins
Great Dane,52697.8205,82.1407,7.5866,low,high,short,male,Johnson
Great Dane,45258.1484,80.6128,6.4596,med,med,short,male,Pugh
Pit Bull,22984.1942,45.8782,12.6973,med,high,med,male,Brewer
Pit Bull,16174.7969,45.5601,12.0394,med,med,short,male,Nelson
Great Dane,50592.2992,,6.4246,med,high,med,female,Jones
Great Dane,51977.6731,,7.3533,high,high,short,male,Snyder
Great Dane,51661.1528,79.372,6.1402,high,high,short,female,Smith
Great Dane,50433.0636,78.1122,6.3889,med,high,short,female,Delgado
Jack Russel Terrier,5104.9841,,14.7204,high,low,short,male,Stephens
Jack Russel Terrier,5524.9699,34.2657,14.0445,high,med,short,male,Russell
Pit Bull,31232.8405,45.9516,11.7015,med,high,short,male,Smith
Great Dane,44006.6141,,6.7573,med,high,short,male,James
Pit Bull,31320.0694,46.6715,12.1525,med,high,med,female,Rodriguez
Jack Russel Terrier,5338.511,,13.5657,high,high,short,male,Smith
Jack Russel Terrier,5591.0712,34.3786,14.114,med,med,short,female,Peters
Jack Russel Terrier,5306.3024,34.8279,13.1478,high,med,short,female,Chase
Pit Bull,34323.3294,46.3706,11.0091,med,high,short,female,Lester
Great Dane,46245.9825,,5.7396,med,high,short,male,Nunez
Pit Bull,25344.3214,45.7683,12.0452,med,high,med,male,Schultz
Samoyed,23585.0489,,10.3817,low,high,med,male,Martin
Samoyed,19359.5032,,11.0436,high,med,med,female,Joseph
Pit Bull,28227.1732,46.2813,12.3906,med,high,short,female,Williams
Samoyed,22134.411,51.4892,10.2915,high,high,med,female,Williams
Samoyed,19539.2205,51.563,10.055,med,high,med,female,Dyer
Pit Bull,15617.9594,46.7129,12.108,med,high,short,female,Johnson
Pit Bull,34951.5396,,12.2519,med,high,short,female,Dixon
Jack Russel Terrier,6225.506,,14.9963,med,med,short,female,Ryan
Samoyed,24316.274,52.5697,9.764,med,high,med,female,Fletcher
Pit Bull,23698.0311,46.0682,11.2311,med,high,short,female,Johnson
Pit Bull,25331.352,46.2262,11.1072,med,med,short,female,Gutierrez
Great Dane,48169.6887,81.4955,6.8576,med,high,short,female,Jenkins
Pit Bull,28177.7713,46.9727,12.1766,med,high,short,female,Keller
Pit Bull,28285.3908,,12.5704,med,high,short,female,Thomas
Pit Bull,22973.6718,46.2978,11.5535,med,high,short,male,Madison
Pit Bull,16723.4541,45.2159,10.7343,med,high,short,male,Reid
Samoyed,18980.5143,52.6339,11.1444,low,high,med,female,Johnson
Great Dane,54377.5064,75.2598,7.2446,med,high,short,female,Horton
Jack Russel Terrier,5194.2244,33.3121,14.2919,high,low,short,female,Arnold
Great Dane,50359.3197,77.3381,7.331,med,high,short,male,Clay
Jack Russel Terrier,5899.5727,34.4592,14.3176,high,med,short,male,Buck
Jack Russel Terrier,5093.7711,34.2604,12.6067,high,med,short,female,Pham
Pit Bull,29245.5855,46.4086,12.301,med,high,short,male,Jones
Pit Bull,34264.7541,46.6639,12.3936,med,high,short,female,Smith
Great Dane,49054.5461,81.3303,8.173,med,high,short,male,Smith
Great Dane,49848.2352,,6.786,med,high,med,female,Rogers
Great Dane,53039.636,78.8287,7.3104,low,high,short,male,Brown
Samoyed,24921.838,,10.8169,med,high,med,female,Johnson
Jack Russel Terrier,5672.2512,34.6135,13.9128,high,med,med,male,Suarez
Pit Bull,24504.7304,46.4015,12.107,med,high,short,female,Peterson
Pit Bull,21327.4722,,11.9788,med,high,med,female,Benitez
Great Dane,52520.731,79.0848,6.5339,med,med,short,male,Lam
Jack Russel Terrier,6408.1238,33.794,14.7498,high,med,short,male,Morgan
Jack Russel Terrier,5489.0625,34.4009,13.5664,high,med,short,female,Hill
Pit Bull,22876.9371,,12.6062,low,high,short,male,Hill
Jack Russel Terrier,7010.4155,33.8631,13.5388,high,med,short,male,Cruz
Great Dane,51294.0932,77.7662,7.4054,med,high,short,female,Gonzalez
Great Dane,46103.3925,79.0978,6.7651,med,high,short,male,Thompson
Pit Bull,26706.322,47.235,11.6451,med,high,short,male,Johnson
Jack Russel Terrier,5914.3779,34.0482,13.2436,high,med,short,male,Peterson
Jack Russel Terrier,5426.1464,34.108,13.9712,med,med,short,male,Henry
Jack Russel Terrier,6233.4176,33.9862,14.2376,high,med,short,male,Austin
Great Dane,47795.4292,79.495,6.2396,high,high,short,female,Robles
Pit Bull,25662.0403,46.2382,11.3551,med,med,med,female,Alvarez
Great Dane,56529.2266,,6.9465,med,high,short,male,Gonzalez
Great Dane,51111.6228,79.5789,6.8221,high,high,short,male,Shelton
Jack Russel Terrier,6742.5494,34.4311,12.584,high,med,short,female,Griffin
Samoyed,19938.7376,53.1818,10.9774,med,high,med,male,Corey
Samoyed,25449.8175,55.1097,11.7209,med,high,med,male,Hooper
Jack Russel Terrier,7462.5646,34.0645,14.758,high,med,short,female,Gonzalez
Samoyed,30530.2481,54.708,11.7888,high,high,med,female,West
Samoyed,26736.3929,54.6976,11.7169,med,high,med,female,Bell
Pit Bull,26710.8419,,11.5692,low,high,short,female,Silva
Great Dane,48152.846,78.6584,6.4555,med,high,med,male,Boyle
Pit Bull,37378.2628,,11.9605,med,high,short,male,Parker
Jack Russel Terrier,7265.0513,33.4093,13.6916,high,med,short,female,Terrell
Great Dane,47401.9824,78.2858,7.1333,med,high,short,male,Anderson
Samoyed,25027.9794,53.378,11.6087,med,high,short,male,Hamilton
Great Dane,49173.2657,79.6766,6.3719,med,high,short,male,Johnson
Samoyed,22620.1943,52.555,11.904,med,med,short,male,Dillon
Jack Russel Terrier,6192.1076,33.9036,15.1417,high,high,short,female,Christian
Pit Bull,18950.8886,46.1569,13.1909,low,med,short,female,Jones
Jack Russel Terrier,4722.4669,34.547,14.2851,high,med,short,female,Turner
Samoyed,20045.06,53.0471,10.6815,high,high,long,male,Khan
Samoyed,22117.6661,56.4685,10.5832,med,high,med,male,Smith
Jack Russel Terrier,5407.0767,,13.7742,high,med,short,male,Kennedy
Samoyed,23142.7993,52.3074,11.0147,med,high,med,male,Miller
Samoyed,26543.9841,53.0249,10.9533,low,high,long,male,Hebert
Pit Bull,17618.8105,46.7044,13.0228,med,high,short,male,Krueger
Great Dane,47126.3661,80.7285,6.367,med,high,short,male,Clements
Great Dane,45839.9737,78.4109,6.7286,med,high,short,male,Martin
Great Dane,50298.1112,80.7032,6.4859,med,high,short,female,Boone
Great Dane,49263.3416,76.0538,5.9597,med,high,short,female,Bentley
Great Dane,51657.5021,79.8338,7.1524,med,high,short,female,Davis
Jack Russel Terrier,5907.0929,,13.2813,high,med,short,female,Bush
Jack Russel Terrier,4941.2954,,14.371,high,high,short,male,Moore
Great Dane,52159.6782,,7.6557,med,high,short,female,Nelson
Pit Bull,27717.7938,45.3776,12.2768,high,high,short,male,Hodge
Great Dane,50432.3529,77.0859,6.2405,low,high,short,male,Bowman
Samoyed,22251.8407,,11.3902,med,high,med,male,Keller
Great Dane,48158.5978,,7.5339,med,high,short,female,Bailey
Pit Bull,23154.3468,46.5152,12.4929,med,high,short,female,Kerr
Pit Bull,28466.2749,46.7753,11.9707,med,high,short,female,Sanchez
Pit Bull,30564.3323,,11.0162,med,high,short,male,Coleman
Samoyed,31516.0031,53.1347,10.5521,med,high,med,male,Miller
Samoyed,19815.8014,52.3411,10.8279,med,high,med,male,Young
Samoyed,27784.9786,53.9541,10.2223,med,high,med,male,Young
Jack Russel Terrier,7267.0007,34.0707,13.9346,high,med,short,male,Smith
Samoyed,27674.7163,55.7359,11.055,low,high,med,male,Hicks
Jack Russel Terrier,7075.7401,33.1288,14.2069,high,med,short,male,Katherine
Great Dane,46090.0448,,6.9322,med,med,short,female,Brown
Great Dane,44455.48,76.3905,7.0602,med,high,med,female,Krause
Jack Russel Terrier,7771.0116,33.9957,14.2755,high,med,med,male,Nelson
Jack Russel Terrier,6868.4236,34.9759,13.057,high,med,short,male,Kimberly
Jack Russel Terrier,6147.0113,33.9014,14.7163,high,med,short,female,Reid
Pit Bull,30069.8404,45.9422,12.247,med,high,short,male,Garcia
Pit Bull,22434.825,,12.0993,high,high,short,female,Lamb
Samoyed,18619.6189,54.3805,10.9675,med,high,med,female,Moore
Jack Russel Terrier,6317.1663,,14.1074,high,med,short,male,Nolan
Jack Russel Terrier,5732.6895,,14.605,high,med,short,female,Jones
Jack Russel Terrier,6536.3406,33.332,13.539,med,med,short,male,Montes
Samoyed,23199.7506,51.5745,11.9565,med,high,med,male,Russell
Pit Bull,18586.6263,45.1752,12.3117,med,high,short,male,Baldwin
Great Dane,51044.9191,76.1968,6.5507,med,high,short,female,Cook
Jack Russel Terrier,5738.8201,33.5214,13.1096,high,low,short,male,Leonard
Samoyed,26165.254,53.5452,10.7336,med,high,med,female,Rodriguez
Pit Bull,28871.4883,45.8535,12.5096,low,high,short,female,Hudson
Samoyed,19869.077,56.4549,10.8134,med,high,med,male,Matthews
Samoyed,23017.7515,56.2293,11.6251,med,high,short,male,Franklin
Pit Bull,28409.7432,,11.8682,high,high,short,male,Baker
Jack Russel Terrier,6741.0009,33.132,13.0225,high,med,short,female,Williams
Pit Bull,30527.6278,,11.5519,med,high,short,female,Galvan
Great Dane,46710.7998,79.3044,7.0082,med,high,short,female,Smith
Pit Bull,32782.5412,45.181,11.7195,med,high,short,male,Rogers
Great Dane,44844.8225,77.298,5.9912,high,high,short,female,Guerrero
Pit Bull,26525.3799,46.8385,11.1225,med,high,short,female,Butler
Samoyed,20339.603,53.0628,11.0784,high,high,med,female,Hernandez
Pit Bull,23894.3785,44.7421,11.0557,med,high,short,female,Johnson
Samoyed,24224.1966,53.1559,11.3589,med,high,med,female,Shaw
Samoyed,23197.1611,53.6221,11.0069,high,high,med,male,Smith
Jack Russel Terrier,8068.7017,34.6598,14.5889,high,high,short,female,Rivera
Pit Bull,31163.3667,45.8721,11.6192,med,high,short,male,Hernandez
Jack Russel Terrier,5837.5582,33.9017,13.5859,high,high,med,female,Nolan
Samoyed,13514.9669,52.6291,9.7118,med,high,long,male,Martinez
Samoyed,24795.3541,53.3956,10.543,med,high,med,female,Welch
Pit Bull,8649.5629,45.498,12.3175,med,high,short,female,Summers
Jack Russel Terrier,7007.3414,34.0028,13.9987,med,med,short,male,Richardson
Jack Russel Terrier,7811.3702,34.4728,14.7352,high,high,short,female,Hardy
Samoyed,19143.286,53.1937,10.2104,med,high,med,female,Carter
Great Dane,47472.5554,,6.2927,med,high,short,female,Larsen
Samoyed,19989.6415,,10.7913,low,high,med,male,Ballard
Pit Bull,43322.8447,45.4334,12.9121,med,high,short,male,Potter
Jack Russel Terrier,6455.6687,,13.6238,high,med,short,female,Hobbs
Jack Russel Terrier,6991.5059,34.6098,13.8491,high,high,short,male,Mcdonald
Samoyed,19512.7895,53.9819,11.5343,med,high,med,female,Young
Pit Bull,20878.738,46.364,11.7122,med,high,short,male,Wright
Jack Russel Terrier,8240.1932,34.1222,13.305,high,med,short,male,Hudson
Great Dane,48438.9479,,6.8756,low,high,med,male,Durham
Jack Russel Terrier,6206.3777,34.0044,14.2467,high,med,short,female,Smith
Samoyed,21775.541,55.7649,10.7823,high,high,short,female,Richardson
Jack Russel Terrier,5194.7482,33.8952,13.5769,high,med,short,male,Vaughn
Great Dane,54777.2087,78.1841,7.4507,med,high,short,male,Garcia
Great Dane,48857.6357,77.1004,5.7567,med,high,med,male,Acosta
Jack Russel Terrier,7275.8228,33.0539,13.4113,high,med,short,male,Davis
Great Dane,54911.1656,77.9851,5.8956,med,med,short,male,Jones
Great Dane,50178.916,80.3835,6.4514,med,high,short,female,Hunt
Samoyed,17774.3674,,11.0271,med,high,med,female,Burke
Pit Bull,23831.7916,,13.1579,med,high,short,male,Martinez
Jack Russel Terrier,7205.1541,34.7684,14.947,high,med,short,female,Russell
Pit Bull,30212.9316,45.3613,11.4394,med,high,short,female,Fischer
Great Dane,51899.2991,,7.8232,med,high,short,male,Jacobs
Great Dane,52841.3178,78.8642,7.164,med,med,short,female,Reed
Jack Russel Terrier,6001.2414,33.9556,13.6994,high,med,med,male,Bryant
Pit Bull,24610.6572,45.4653,12.7725,med,high,short,male,Romero
Pit Bull,22087.8024,,11.651,med,high,short,male,Hoover
Jack Russel Terrier,6229.0366,33.7215,14.1542,high,low,short,female,Miller
Pit Bull,24794.574,46.5149,13.3861,med,high,short,male,Rogers
Pit Bull,29702.3335,46.0472,12.5462,med,high,short,female,Baker
Jack Russel Terrier,6105.3504,34.1799,13.6093,med,med,short,male,Figueroa
Samoyed,23899.8939,52.8981,11.8468,med,high,med,male,Arnold
Pit Bull,24285.694,,12.0832,med,high,short,male,Johnson
Great Dane,54651.3722,,7.1663,med,high,short,male,Hernandez
Jack Russel Terrier,6683.1474,33.2406,14.5299,high,med,short,male,Harris
Samoyed,19562.6758,54.2666,10.6832,med,high,med,female,Sanders
Jack Russel Terrier,6821.3381,34.3351,13.9685,high,med,short,male,Smith
Pit Bull,36369.4595,45.245,11.8541,med,high,short,male,Jones
Samoyed,22031.6917,53.7263,10.4755,med,high,med,female,Moore
Samoyed,23298.2589,54.9239,10.7919,med,high,med,female,Lopez
Samoyed,22125.0263,51.511,10.7407,med,high,short,female,Lambert
Pit Bull,25258.5224,47.1506,12.6594,low,high,short,female,Carpenter
Great Dane,51548.4385,80.7017,7.3315,med,high,short,female,Hartman
Great Dane,50079.3095,,7.2272,low,med,short,male,Bowman
Jack Russel Terrier,5730.9811,,14.7648,high,med,short,female,Susan
Jack Russel Terrier,6326.2793,34.7848,14.1021,high,med,short,female,Ellis
Pit Bull,23556.9331,45.9303,11.5925,med,high,short,female,Burton
Samoyed,16644.7764,,11.7982,med,high,med,male,Willis
Samoyed,21967.4337,56.5216,10.9967,med,med,med,male,Washington
Jack Russel Terrier,6182.8152,34.1496,14.1097,high,high,short,male,Tucker
Jack Russel Terrier,4731.9794,33.7788,13.6667,high,med,short,male,Gillespie
Great Dane,52388.4904,,7.2735,med,high,short,male,Spencer
Great Dane,49636.0697,,6.4445,med,high,med,female,Smith
Great Dane,42209.6326,,6.314,med,high,med,female,Griffin
Samoyed,14836.1333,54.0658,10.8349,high,high,med,female,Black
Samoyed,19308.7707,49.8468,10.4037,low,high,med,female,Nelson
Samoyed,17109.9709,,12.2632,med,high,med,female,Gonzalez
Pit Bull,22390.4322,,11.979,low,high,short,male,Lewis
Jack Russel Terrier,6798.03,33.9351,13.9992,high,med,short,male,Hall
Great Dane,43953.3509,78.6558,6.4625,med,high,short,female,Hodges
Jack Russel Terrier,6360.8795,34.5908,14.4791,high,med,short,female,Cabrera
Pit Bull,27426.6452,,11.4648,med,high,short,male,Waters
Jack Russel Terrier,6446.1295,35.0075,13.8878,high,med,short,male,Baird
Pit Bull,22928.339,,11.1775,low,high,short,male,Lopez
Jack Russel Terrier,4693.3012,33.2508,13.6155,med,med,short,male,Valentine
Pit Bull,25132.4155,45.5619,12.0775,med,high,short,male,Thompson
Pit Bull,17972.7185,45.2104,12.4243,med,high,short,male,Garcia
Jack Russel Terrier,5210.8597,,13.5858,high,med,short,female,Bruce
Pit Bull,16782.1743,,12.9798,med,high,short,female,Gould
Jack Russel Terrier,6906.5668,33.6953,14.6618,high,low,short,female,Weeks
Pit Bull,36585.891,46.5736,13.0009,med,med,med,female,Rodriguez
Pit Bull,32377.9281,47.1648,10.7176,low,high,short,male,Mcguire
Samoyed,20557.301,54.2057,10.2875,med,high,med,female,Mclaughlin
Jack Russel Terrier,6118.5661,33.9631,14.6779,high,med,short,male,Reese
Samoyed,28448.2379,51.6341,10.9984,med,high,long,male,Fowler
Samoyed,30435.8552,55.0904,12.6149,high,high,med,male,Sellers
Samoyed,27349.7628,56.7261,11.4186,med,high,med,male,Arnold
Jack Russel Terrier,7204.8555,33.875,13.6377,high,med,short,female,Thomas
Jack Russel Terrier,5199.7852,34.1789,13.9431,high,med,short,female,Trujillo
Pit Bull,14701.7237,45.2455,11.7771,med,high,short,female,Everett
Samoyed,19246.2891,54.2773,11.3751,med,high,short,male,Huff
Pit Bull,21730.8297,,12.3332,med,high,med,male,Doyle
Jack Russel Terrier,6337.7304,,13.7099,high,low,short,male,Ayers
Great Dane,47266.2774,77.5798,7.9095,med,high,short,female,Frank
Pit Bull,30232.602,45.7917,11.5192,med,high,med,male,Jones
Pit Bull,11351.7452,,12.0181,med,med,short,male,Ortiz
Jack Russel Terrier,6491.3566,33.0502,13.8002,high,med,short,male,Cooper
Samoyed,26033.2583,51.1981,10.3107,low,high,short,male,Clarke
Pit Bull,30315.3198,46.4274,12.0276,med,high,short,female,Kline
Pit Bull,22831.3745,45.3525,11.8571,high,high,short,male,Cox
Jack Russel Terrier,7152.27,33.9418,13.9671,high,med,short,female,Williams
Great Dane,55814.9659,80.5361,6.7597,med,high,short,female,Graves
Great Dane,49754.9761,77.5188,6.6936,low,high,short,female,Ayala
Pit Bull,25377.31,,11.8081,med,high,short,male,Durham
Jack Russel Terrier,6722.5376,33.6805,14.95,high,low,short,male,Powell
Great Dane,54276.3421,,7.798,med,high,short,male,Garcia
Jack Russel Terrier,6199.1941,33.8096,15.2862,med,med,med,male,Landry
Great Dane,55563.6608,78.6008,7.3822,med,high,short,male,Chen
Great Dane,51986.6648,81.6144,6.9467,med,high,med,male,Allen
Jack Russel Terrier,6881.0039,,12.8074,high,med,short,female,Jones
Jack Russel Terrier,5658.4954,33.8665,13.9298,med,high,short,female,Thompson
Pit Bull,32470.2448,47.5491,10.7383,med,high,short,male,Salinas
Pit Bull,24308.2179,46.6925,12.3663,med,high,short,male,Duncan
Pit Bull,27354.4999,46.8684,12.3938,med,med,short,female,Shaw
Jack Russel Terrier,6593.7642,34.889,13.6688,high,med,short,female,Reed
Samoyed,25801.0097,52.9259,10.3541,med,high,med,female,Reid
Pit Bull,25275.5305,46.0989,11.3078,med,high,short,male,Ramos
Jack Russel Terrier,7333.4804,33.091,13.9789,high,med,med,female,Martin
Jack Russel Terrier,7258.9164,33.8238,13.2635,high,med,med,female,Davis
Jack Russel Terrier,6230.2215,33.4215,14.3251,high,med,short,female,Gray
Samoyed,21354.8446,52.8628,10.7429,med,high,med,male,Martin
Jack Russel Terrier,5579.1461,33.4482,13.9919,high,med,short,female,Sarah
Samoyed,25553.3358,53.846,11.0616,high,high,med,male,Hernandez
Jack Russel Terrier,6186.6584,33.0042,13.8505,high,med,short,female,Long
Jack Russel Terrier,5972.1397,34.1872,14.2567,high,med,short,female,Reed
Samoyed,24743.5867,52.1401,11.6305,med,high,med,male,Hall
Samoyed,25688.0205,54.1674,11.6801,med,high,med,male,Kelley
Samoyed,26562.5279,51.2319,11.6938,high,med,med,male,Flowers
Great Dane,52496.9889,,6.4791,med,high,short,male,Walters
Great Dane,49423.4545,82.076,6.7095,med,med,short,male,Richard
Pit Bull,32926.1543,46.202,11.9318,med,high,med,male,Rivera
Great Dane,51486.3336,79.3083,7.3903,med,med,short,female,Huber
Jack Russel Terrier,5644.2664,,13.9229,high,low,short,female,Kennedy
Jack Russel Terrier,6312.259,35.2618,14.87,high,high,short,female,Macdonald
Samoyed,18786.7722,,11.727,low,high,med,female,Richardson
Samoyed,17416.3005,54.8002,10.7922,med,high,med,male,Dunn
Samoyed,20083.9083,,11.282,med,high,med,male,Conway
Jack Russel Terrier,4877.4192,,13.3387,high,med,short,female,Elliott
Samoyed,15306.8391,54.9385,10.0026,med,high,med,female,Bailey
Great Dane,48907.71,80.1159,7.126,med,high,short,female,Kim
Pit Bull,26607.4456,45.2624,11.4747,med,high,short,male,Mueller
Samoyed,25296.798,52.9947,11.1166,med,med,med,female,Thornton
Pit Bull,27888.8309,46.9646,13.0296,high,high,med,male,Wells
Pit Bull,17856.9063,45.9175,10.7141,med,high,short,male,Riley
Samoyed,27736.9122,,11.7928,med,med,med,female,Wright
Jack Russel Terrier,8048.2733,33.6935,13.9395,high,med,short,male,Proctor
Samoyed,24598.3396,,11.4207,high,high,med,male,Pham
Pit Bull,29725.0023,45.7515,10.7316,med,high,short,female,Rice
Great Dane,48489.1128,80.5958,6.09,med,high,short,male,Green
Pit Bull,26718.0606,45.1065,12.602,med,high,short,male,Aguirre
Pit Bull,21908.5737,,12.0623,med,med,short,male,Powell
Pit Bull,38689.1166,,11.1829,med,med,med,female,Mcbride
Samoyed,23727.399,53.0967,11.1353,med,high,med,male,Brown
Great Dane,50907.9809,81.0926,7.7378,high,high,med,female,Wilson
Great Dane,51359.5878,,6.1264,med,high,med,male,Alvarez
Pit Bull,16434.2762,45.6423,11.7112,med,high,short,male,Gibson
Great Dane,50312.2464,,7.1762,med,med,short,female,Riddle
Great Dane,48511.5596,77.7872,6.7887,med,high,short,male,Mckay
Samoyed,24218.2602,,11.1627,med,high,med,male,Park
Great Dane,49727.134,,8.0333,med,high,short,female,Snyder
Great Dane,50943.4505,77.5619,5.6796,med,med,short,male,Moore
Jack Russel Terrier,6601.3438,34.3074,14.7983,high,med,med,female,Martinez
Great Dane,50780.6247,77.4501,7.9686,med,high,short,female,Zimmerman
Pit Bull,23843.1573,,11.6112,med,high,short,female,Carter
Samoyed,21247.7033,54.0524,10.424,med,high,med,male,Sanders
Pit Bull,26784.9566,46.0151,11.4452,med,high,short,female,Williams
Pit Bull,25364.9693,,12.493,med,high,short,male,Garcia
Great Dane,49550.7288,76.5473,8.0648,low,high,short,female,Garcia
Great Dane,53011.247,73.4853,5.9045,med,high,short,male,Floyd
Pit Bull,32111.6889,45.5788,13.1665,med,high,short,male,Ball
Jack Russel Terrier,7264.5557,33.3882,12.7104,high,med,short,female,Jones
Jack Russel Terrier,7119.2763,,14.5548,high,med,med,female,Green
Pit Bull,11599.3133,45.6885,12.5983,med,high,short,male,Smith
Jack Russel Terrier,7037.5881,,13.7171,high,med,short,male,Hayes
Samoyed,25496.8762,51.5284,10.7708,med,high,med,male,Shaffer
Pit Bull,23820.1241,46.1013,12.6062,med,high,short,female,Harris
Pit Bull,20595.9147,46.8332,12.5774,med,high,short,female,Martin
Jack Russel Terrier,7864.1802,,14.6888,high,med,short,male,Boyd
Pit Bull,33270.6368,45.5462,11.9788,med,high,med,male,Collins
Samoyed,25499.737,55.0974,9.5916,med,high,short,female,Olson
Jack Russel Terrier,5164.0045,33.9765,13.6753,high,low,short,male,Powers
Jack Russel Terrier,7677.4978,34.172,13.3559,high,med,short,male,Thomas
Pit Bull,28469.8508,46.0537,11.8758,high,high,short,female,Lopez
Jack Russel Terrier,6221.5515,34.0872,14.0766,high,med,short,female,Cooper
Samoyed,12445.1386,51.941,10.8534,med,high,med,female,Brown
Great Dane,49194.3114,,6.5916,med,high,short,female,Hinton
Pit Bull,18721.8134,46.6221,12.1769,med,high,short,male,Sanders
Pit Bull,24994.6869,46.324,11.5857,med,high,short,female,Green
Pit Bull,16216.8908,45.2695,11.9155,med,high,short,female,Wright
Pit Bull,36394.7145,47.5078,12.1916,high,high,short,female,Alvarez
Pit Bull,15290.9604,46.2105,12.5951,low,high,short,female,White
Pit Bull,10011.4367,45.4153,11.6415,med,high,short,female,Morales
Jack Russel Terrier,6400.2137,34.406,14.0804,high,med,short,female,Reese
Jack Russel Terrier,6963.0536,33.8843,13.49,high,med,short,male,Carlson
Pit Bull,25020.8836,,11.9889,med,high,short,male,Smith
Samoyed,28265.4767,52.6872,10.143,med,high,long,male,Moran
Pit Bull,19985.2151,45.6291,11.3107,high,high,short,female,Cooper
Jack Russel Terrier,3902.85,34.202,14.0814,med,med,short,male,Fleming
Pit Bull,30257.0374,46.2321,12.2436,high,high,short,male,Chaney
Pit Bull,25481.1136,46.2379,11.1525,high,high,short,male,Collins
Pit Bull,22988.9139,46.2286,12.2581,med,high,med,male,Howard
Great Dane,45100.1984,80.5592,8.1997,med,high,short,female,Taylor
Jack Russel Terrier,7122.8333,32.9988,14.8496,high,med,short,female,Fox
Pit Bull,28313.4664,45.7645,12.8628,med,high,short,female,Hernandez
Great Dane,50742.2381,78.8913,6.9066,low,high,short,male,Wagner
Samoyed,27170.2845,,10.3978,med,high,med,male,Welch
Jack Russel Terrier,6464.7567,33.9942,14.3051,high,med,short,male,Kirk
Jack Russel Terrier,7787.0713,,14.4681,med,med,short,male,Garcia
Pit Bull,22431.7169,46.207,11.5053,low,high,short,female,Hayes
Pit Bull,23878.6771,46.3424,11.8492,med,high,short,male,Duncan
Jack Russel Terrier,6533.8896,34.2812,14.2467,high,low,short,female,Oneal
Pit Bull,28159.7743,47.1764,12.1701,med,high,short,male,Johnson
Jack Russel Terrier,5220.7588,,14.9245,high,med,short,male,Cook
Samoyed,23203.4703,54.8299,9.4714,med,high,med,female,Garcia
Jack Russel Terrier,6314.1425,34.1762,14.2568,high,med,short,female,Williams
Jack Russel Terrier,6392.2249,34.3587,14.3319,high,med,short,female,Kristen
Great Dane,52141.0242,78.154,6.6173,low,high,short,female,Myers
Pit Bull,20941.9293,45.6476,11.655,med,high,short,female,Camacho
Jack Russel Terrier,6072.0554,35.2909,14.8454,high,med,short,female,Conner
Jack Russel Terrier,7693.9924,33.7923,13.8568,high,med,short,female,Lindsey
Pit Bull,22509.6561,45.9942,12.3727,med,high,short,male,Cortez
Samoyed,19674.7381,54.8093,10.1127,med,high,med,female,Brown
Great Dane,46297.5733,75.4553,7.4034,med,high,short,male,Burton
Samoyed,19282.2804,,10.8438,med,high,med,female,Lewis
Pit Bull,26411.5511,,11.4169,med,med,short,male,Shaw
Great Dane,54558.6272,81.0175,6.2976,low,high,short,female,Moore
Great Dane,48158.8276,77.2791,6.4322,med,high,med,male,Campbell
Great Dane,52096.3912,81.4852,7.2782,med,high,short,female,Weaver
Samoyed,22393.913,,11.8549,med,high,long,female,Terry
Pit Bull,22852.0602,46.3026,12.8696,med,high,short,female,Butler
Pit Bull,27054.7266,45.9371,11.7924,med,high,short,female,Adams
Pit Bull,23007.5672,45.2589,11.4906,med,high,short,male,Ross
Jack Russel Terrier,7053.3883,34.6556,13.7441,med,med,short,female,Solomon
Pit Bull,27973.4844,45.2923,12.4877,med,high,short,male,Gillespie
Great Dane,52443.3415,81.6873,7.4927,med,high,med,female,Yates
Great Dane,49028.7369,78.2608,6.5332,med,med,short,male,Wright
Jack Russel Terrier,6803.6329,,14.1242,med,med,short,female,Mathis
Pit Bull,29597.634,46.8335,11.4903,med,high,short,male,Hamilton
Pit Bull,20575.146,46.8754,11.6159,med,high,short,female,Hernandez
Pit Bull,15726.2417,44.7501,11.9332,med,high,short,female,Gutierrez
Great Dane,50248.5805,78.5871,7.5344,med,high,short,male,Gaines
Great Dane,53353.0096,75.5443,6.5933,high,high,short,male,Matthews
Jack Russel Terrier,6817.9362,34.1388,13.4478,high,med,short,female,Freeman
Jack Russel Terrier,7773.0053,,13.6385,high,med,short,female,Crawford
Great Dane,48975.8472,78.3997,7.7678,med,high,short,female,Baxter
Great Dane,51447.8594,79.0513,8.1241,med,high,short,male,Mcguire
Great Dane,47887.5985,79.4427,5.9178,med,high,short,male,Raymond
Jack Russel Terrier,6871.5152,35.007,14.0993,high,low,short,female,Brown
Pit Bull,15150.6731,46.3854,12.9276,med,high,med,male,Moreno
Pit Bull,16603.8452,45.4892,13.0711,med,high,short,male,Rice
Samoyed,22132.6577,,10.5714,high,high,long,male,Evans
Jack Russel Terrier,7792.7209,,13.3808,high,med,short,male,Haynes
Jack Russel Terrier,6030.4039,33.5945,15.404,high,med,short,male,Figueroa
Great Dane,49762.5374,81.2083,6.1356,med,high,short,female,Smith
Pit Bull,22125.5293,47.3013,11.1953,med,high,short,male,Brittany
Jack Russel Terrier,6873.1066,,14.101,high,high,short,male,Turner
Samoyed,22730.0429,,11.6325,med,high,med,female,Brown
Pit Bull,26685.3802,46.4476,11.3057,med,high,short,male,Taylor
Pit Bull,22098.8948,,11.7757,med,high,short,female,Young
Pit Bull,31528.1102,45.5325,11.3545,med,high,short,male,Patterson
Samoyed,23270.3138,54.1092,11.1377,med,high,med,female,Graham
Samoyed,15944.7983,53.4105,10.6582,med,high,long,male,Stafford
Pit Bull,21045.0402,46.7774,11.3829,med,high,short,male,Kirk
Jack Russel Terrier,4902.4343,33.1367,15.499,high,med,med,female,Wells
Pit Bull,16567.6117,,12.2997,high,high,short,female,Matthews
Great Dane,47661.2563,82.7789,6.9438,low,high,short,female,Matthews
Great Dane,52923.8288,,6.472,med,high,short,male,Graham
Samoyed,14108.4871,54.6444,11.2668,med,med,med,male,Lucas
Samoyed,25537.2085,56.6893,11.9505,med,med,med,male,Hill
Pit Bull,14963.6919,46.6148,12.6613,med,high,short,male,Torres
Great Dane,48013.8283,80.4143,8.0228,med,high,short,male,Harris
Jack Russel Terrier,6120.735,,13.3998,high,med,short,female,Brown
Jack Russel Terrier,5642.1081,,13.2231,high,med,short,male,Sanchez
Pit Bull,28993.2154,45.2598,11.6925,med,high,short,male,Oneill
Jack Russel Terrier,6743.8584,34.1515,14.443,high,med,short,female,Berg
Pit Bull,16680.6739,45.5921,12.7438,med,high,short,male,Glover
Jack Russel Terrier,6792.1868,33.7523,13.7783,med,med,short,male,Russell
Pit Bull,33404.8181,46.1504,12.3779,med,high,short,female,Smith
Samoyed,24598.3911,,11.221,med,high,med,male,Johnson
Samoyed,21276.4193,52.3286,10.1912,med,med,med,male,Patrick
Samoyed,22571.4313,51.7131,10.759,med,high,med,male,Carney
Pit Bull,32592.8974,46.7285,12.4633,med,high,short,female,Johnson
Great Dane,48014.7083,79.6326,7.2359,med,high,short,female,White
Pit Bull,15547.1918,,11.5715,med,high,short,female,Vincent
Jack Russel Terrier,6281.4055,33.1265,14.1529,high,med,short,female,Ward
Pit Bull,20544.698,45.7566,11.838,med,high,short,female,Petersen
Samoyed,28029.7477,55.404,10.8122,med,high,long,male,Rodgers
Great Dane,44871.9282,77.0831,7.4529,med,high,short,female,Johnson
Great Dane,48567.9843,77.649,6.9288,med,high,short,female,Baird
Pit Bull,24913.5321,45.7331,12.3755,med,med,short,female,Vang
Great Dane,52069.4136,78.4172,6.852,med,high,short,female,Caldwell
Pit Bull,22744.5939,45.2202,12.6084,med,high,short,male,Smith
Jack Russel Terrier,7383.681,33.777,14.8928,high,med,short,female,Harris
Pit Bull,37559.9297,46.2754,11.6655,med,high,short,male,Mueller
Samoyed,27378.0195,53.5207,11.1386,med,high,med,male,Dorsey
Great Dane,56935.5956,78.809,6.5062,med,high,short,male,Bailey
Pit Bull,18971.4143,46.4718,12.1601,med,high,short,male,Emily
Great Dane,51519.8575,79.4997,7.4882,med,high,short,female,James
Jack Russel Terrier,7384.8238,34.8547,14.3332,high,med,short,male,Glover
Pit Bull,35026.5727,,10.9288,med,high,short,male,Rowe
Great Dane,49070.8695,,6.3742,med,high,med,female,Cobb
Jack Russel Terrier,5452.0556,32.9785,13.9114,med,med,short,male,Jones
Pit Bull,30551.1582,45.4974,10.8389,high,med,short,male,Garrison
Samoyed,21599.5743,,11.4197,med,high,med,male,Lee
Great Dane,46545.6588,,6.9962,med,high,med,female,Thomas
Jack Russel Terrier,5312.5979,34.0359,14.625,high,med,short,male,Jenkins
Pit Bull,32496.4297,46.6132,11.3361,med,high,short,female,Padilla
Pit Bull,30237.9682,45.0898,11.0239,low,high,short,male,Jeffrey
Samoyed,20151.975,,11.3191,med,high,short,male,Zuniga
Pit Bull,24164.6366,45.9507,11.908,high,high,short,female,Fleming
Jack Russel Terrier,7639.3498,35.2301,14.0587,high,med,short,male,Salinas
Pit Bull,23189.9416,45.6062,12.549,high,high,short,female,Bell
Samoyed,21894.8599,,11.7008,med,high,med,female,Boyle
Pit Bull,23368.0769,46.1552,12.2158,med,high,short,female,Hall
Jack Russel Terrier,6091.5958,34.551,13.6287,med,low,short,female,Black
Pit Bull,27815.6227,45.3655,11.6936,med,high,short,male,Wright
Great Dane,49699.7957,81.0416,7.2661,med,high,short,female,Rios
Samoyed,19508.0616,53.9946,11.4765,low,high,long,male,Acosta
Great Dane,49249.3438,80.75,8.18,high,high,short,male,Ryan
Pit Bull,25338.7948,46.6996,12.0107,med,high,short,female,Davis
Great Dane,51551.4133,78.7819,7.3288,med,high,med,female,Ramos
Great Dane,46819.0882,79.8546,7.5529,med,high,short,male,Guerrero
Great Dane,47014.8746,76.6564,6.7213,high,high,short,male,Young
Pit Bull,20523.4076,44.1632,11.6953,med,high,short,female,Arellano
Samoyed,29215.2341,,11.2143,med,high,med,female,Daniels
Jack Russel Terrier,7183.916,33.8022,13.2281,high,med,short,male,Harrington
Samoyed,14957.4608,54.2735,11.2791,med,high,short,female,Perkins
Great Dane,48228.362,76.6311,7.3541,med,high,short,male,Page
Pit Bull,18011.613,44.8309,12.0506,med,high,short,male,Wiggins
Samoyed,27303.2438,,11.1491,med,high,med,female,Cardenas
Jack Russel Terrier,5710.8257,33.686,13.6952,high,med,short,female,Evans
Samoyed,21690.4387,53.8517,11.3158,med,high,med,female,Morrison
Great Dane,51657.1293,77.4043,8.036,med,high,short,male,Henry
Great Dane,49750.8718,,6.6444,med,high,med,male,Warner
Pit Bull,30540.5032,46.7338,11.5284,med,med,short,female,Wong
Samoyed,17104.4884,54.3969,11.2568,med,high,med,female,Douglas
Samoyed,21809.8044,51.7314,11.5373,med,high,med,male,Gomez
Great Dane,51921.7455,,7.3359,med,high,short,male,Bradley
Pit Bull,21890.0172,46.9958,10.7675,med,high,short,female,Davis
Pit Bull,19620.5796,46.2036,12.5065,high,high,short,male,Dennis
Pit Bull,23546.6403,45.1964,11.7284,med,high,short,male,Chavez
Great Dane,49149.1138,78.241,7.2874,med,high,short,female,Campbell
Great Dane,51660.2738,78.5115,6.6015,med,high,short,male,Rhodes
Pit Bull,26212.6961,45.7102,11.8348,med,high,short,female,Briggs
Pit Bull,26796.9091,46.3811,11.2926,med,high,short,female,Wheeler
Pit Bull,17460.2141,45.8687,11.7998,med,high,short,male,Hutchinson
Great Dane,47724.5978,76.1315,6.8242,med,high,short,male,Roman
Pit Bull,25368.7832,46.0382,12.0525,med,high,short,male,Moon
Jack Russel Terrier,4586.1158,33.4953,14.2593,high,med,short,male,Moss
Pit Bull,16031.1079,47.0694,12.858,med,high,short,female,Mosley
Pit Bull,24782.3468,45.5501,12.3707,med,high,short,male,Johns
Jack Russel Terrier,6068.3626,,14.0366,high,med,short,female,Williams
Jack Russel Terrier,7601.0095,33.8762,13.881,high,med,short,female,West
Samoyed,28688.0828,52.8243,10.2923,med,high,med,female,Lambert
Jack Russel Terrier,6821.3316,33.5368,14.4918,high,med,short,male,Robertson
Samoyed,20742.5291,52.9856,10.5814,med,high,short,male,Michael
Samoyed,22187.693,52.0144,11.2464,med,high,med,female,Clark
Pit Bull,32106.1955,46.2013,12.4607,med,high,short,male,Newman
Pit Bull,23474.7056,,12.0278,med,high,short,male,Sharp
Pit Bull,26552.1919,45.1343,11.7145,med,med,short,male,Stanley
Pit Bull,22584.7676,45.4663,11.6889,med,high,short,male,Jackson
Jack Russel Terrier,5741.2656,34.5102,13.3633,high,med,short,female,Marshall
Pit Bull,32541.645,46.0429,11.7443,med,med,short,male,Wilson
Samoyed,20395.4992,,11.4291,low,med,short,female,Taylor
Samoyed,25986.0765,52.0373,10.6177,med,high,med,male,Gomez
Jack Russel Terrier,7075.0966,33.5549,14.0794,high,med,short,male,Robinson
Great Dane,47165.4507,79.825,6.9396,high,high,short,female,Suarez
Pit Bull,28271.8412,46.4709,13.3465,med,high,short,male,Hernandez
Pit Bull,25893.6234,,12.7867,med,high,short,male,Jackson
Great Dane,52267.7834,,7.6393,med,high,short,female,Riley
Jack Russel Terrier,5437.2656,33.0752,14.4771,high,med,med,female,Pruitt
Jack Russel Terrier,5785.2802,33.8587,13.984,high,high,short,male,Meyer
Samoyed,16134.6542,52.5257,10.8548,med,high,med,male,Anderson
Jack Russel Terrier,8062.0517,32.8639,13.602,high,low,short,female,Terry
Great Dane,49035.3963,77.7677,7.4305,med,high,short,female,Clark
Great Dane,48524.8895,76.087,7.356,med,med,med,female,Friedman
Samoyed,19630.4074,51.9137,11.123,high,high,med,female,Campbell
Pit Bull,25484.795,46.4924,12.0466,med,high,short,male,Browning
Samoyed,23080.3676,53.589,12.2392,med,high,med,female,Phillips
Jack Russel Terrier,8789.3478,34.3933,14.212,high,med,short,male,Gonzalez
Samoyed,29755.9662,52.3363,11.4613,high,high,med,male,Rodriguez
Jack Russel Terrier,6913.7726,34.5568,14.5401,high,med,short,female,Brown
Great Dane,53284.7518,79.4045,5.9084,med,high,short,female,Hebert
Jack Russel Terrier,5292.7783,34.2312,12.878,high,med,short,female,Jones
Samoyed,22362.8297,53.2938,11.4694,med,high,med,male,Silva
Samoyed,23554.1836,52.0439,11.7444,med,high,med,male,Wright
Jack Russel Terrier,8487.765,33.5015,15.0166,high,med,short,female,Jackson
Samoyed,30171.9346,55.4804,9.8374,med,med,med,female,Rogers
Jack Russel Terrier,6200.5978,,13.9876,high,med,short,male,Rollins
Jack Russel Terrier,5847.1737,33.791,13.2933,high,med,short,female,Lopez
Pit Bull,33619.3311,45.9977,11.7377,med,high,short,female,Mccann
Jack Russel Terrier,7464.6313,34.0402,14.9949,med,med,short,male,Schultz
Samoyed,22214.2003,,10.7132,med,high,long,female,Stone
Jack Russel Terrier,7646.2151,,13.9584,high,med,short,male,Reilly
Jack Russel Terrier,6389.8467,32.9907,14.3486,high,med,short,female,Brooks
Samoyed,18469.228,52.9639,11.0546,med,high,med,female,Barron
Great Dane,51296.2566,77.2514,7.0931,high,high,short,female,Brooks
Samoyed,26960.3541,,11.123,low,high,med,female,Lynch
Jack Russel Terrier,6892.5917,33.5131,13.528,high,med,short,male,Martinez
Samoyed,18806.2576,52.776,10.6828,med,high,med,male,Humphrey
Jack Russel Terrier,6913.3074,34.5676,13.9882,high,med,short,female,Daniel
Jack Russel Terrier,4709.2285,33.4267,14.4016,med,low,short,male,Thompson
Great Dane,44450.4307,78.0235,5.6098,med,high,med,female,Barker
Pit Bull,29701.0366,,11.3652,med,high,short,female,Jacobs
Pit Bull,20395.9796,46.9334,12.0947,med,high,short,female,Salinas
Pit Bull,23324.3898,45.9363,10.9093,med,high,short,male,Cook
Pit Bull,25849.3126,45.7964,11.0644,med,med,short,female,Shields
Samoyed,19055.9245,,11.1154,high,high,med,male,Salazar
Pit Bull,23351.4322,,11.9506,med,high,short,male,Chapman
Great Dane,52210.9304,76.6926,7.7797,high,high,short,male,Yu
Jack Russel Terrier,5913.7383,34.0366,13.8655,high,med,short,male,Price
Jack Russel Terrier,7256.2585,34.035,14.3143,high,med,short,male,Pace
Samoyed,24307.6173,51.0758,10.2225,med,high,med,male,Holt
Jack Russel Terrier,5784.675,33.7279,13.8609,high,med,short,female,Ortiz
Samoyed,27278.0045,53.1421,11.4878,med,high,med,male,Donovan
Jack Russel Terrier,7088.5955,33.287,13.0024,high,med,short,male,Gonzales
Jack Russel Terrier,7307.5816,33.5445,13.2076,high,med,short,female,Smith
Samoyed,24186.7381,52.6616,11.602,med,high,med,male,Beck
Pit Bull,25457.7239,45.6099,12.5246,high,high,short,female,Nguyen
Pit Bull,27255.7674,46.33,11.4831,med,high,short,female,Gallegos
Jack Russel Terrier,8580.5658,35.3916,14.7523,high,high,med,male,Gonzales
Great Dane,47165.8801,,6.6947,med,high,short,male,Mckinney
Jack Russel Terrier,5507.2848,32.8276,13.9887,high,med,short,male,Marks
Pit Bull,30201.1067,,12.417,med,high,short,female,Gordon
Samoyed,22189.138,54.67,11.4356,med,high,med,male,Kelly
Jack Russel Terrier,4897.8999,33.798,14.7958,high,high,short,male,Reeves
Samoyed,19154.678,54.4501,11.0527,med,high,med,female,Stark
Great Dane,48232.3374,79.9949,5.8861,med,high,short,male,Allen
Great Dane,44898.4059,77.4376,7.1164,med,high,short,female,Foster
Jack Russel Terrier,7408.6476,34.7455,12.8553,high,med,short,male,Stone
Jack Russel Terrier,7359.526,34.2681,13.7367,high,med,med,male,Burnett
Pit Bull,20610.0104,47.2118,11.0085,med,high,short,female,Williams
Pit Bull,27384.3658,45.9976,12.5573,high,high,short,male,Barker
Great Dane,50900.3825,81.9536,6.9616,med,high,short,female,Medina
Great Dane,55617.4736,78.1502,6.6495,med,high,short,female,James
Pit Bull,30665.106,47.0037,11.7257,med,high,short,male,Lawson
Pit Bull,23906.1992,46.3714,11.9035,high,high,short,male,Young
Jack Russel Terrier,6810.2333,33.705,14.162,high,med,short,female,King
Jack Russel Terrier,7929.7574,33.5169,15.1705,high,high,short,female,Morris
Jack Russel Terrier,8067.1772,,14.7867,high,med,short,female,Alvarado
Jack Russel Terrier,4827.263,,13.2932,high,med,short,male,Carpenter
Pit Bull,32545.029,,12.7144,high,med,short,male,Emily
Pit Bull,23279.7748,46.6554,11.3308,med,high,short,male,Rose
Pit Bull,19228.373,47.2185,11.342,low,high,short,male,Vega
Samoyed,26244.0629,51.1668,10.7289,med,high,med,male,Freeman
Samoyed,22415.6353,,11.2135,med,high,long,female,Jones
Jack Russel Terrier,5553.2018,34.0977,13.8256,med,med,short,male,Howard
Jack Russel Terrier,6579.7247,33.365,13.6582,high,med,short,female,Carey
Jack Russel Terrier,6610.8156,34.2927,14.1853,med,med,short,male,Bond
Jack Russel Terrier,5853.9715,34.2757,15.02,high,low,short,female,Colon
Jack Russel Terrier,7565.7518,34.847,13.2813,high,med,short,male,Martinez
Great Dane,50037.224,78.9239,7.8777,med,high,short,female,Hernandez
Pit Bull,36785.9436,45.3182,12.977,med,high,short,male,Gaines
Samoyed,23560.6589,,12.0708,med,high,long,male,Green
Samoyed,28403.3294,54.1169,10.8478,med,high,med,female,Allen
Samoyed,29171.3146,55.7916,11.8787,med,high,short,female,Brown
Jack Russel Terrier,6649.6038,34.3539,13.7402,high,med,short,female,Le
Jack Russel Terrier,6815.2625,33.5939,14.0732,high,med,short,female,Smith
Samoyed,26926.2103,54.4924,10.5038,med,high,med,female,Anderson
Great Dane,57069.9716,78.0264,6.8826,med,high,short,male,Hamilton
Pit Bull,34106.8105,46.3464,10.5347,high,med,short,male,Rivera
Jack Russel Terrier,5302.8266,34.9658,13.4038,high,med,short,female,Frazier
Samoyed,20614.8037,51.7821,11.4715,med,med,med,male,Brown
Pit Bull,21576.1948,44.8705,12.5248,med,high,short,female,Flores
Great Dane,42321.7345,76.8248,7.0577,med,high,short,male,Cannon
Pit Bull,30220.8123,46.2196,11.2123,med,med,short,male,Garcia
Samoyed,15658.4286,53.1009,10.0782,med,high,med,female,Hamilton
Jack Russel Terrier,7858.3224,33.5488,13.7265,high,med,short,male,Haney
Jack Russel Terrier,7788.677,34.2296,14.3983,high,high,short,female,Rhodes
Samoyed,21840.8693,,10.4854,med,high,short,male,Chang
Great Dane,47542.7031,81.2931,6.0415,med,high,short,female,Hodges
Pit Bull,20846.0883,,12.1736,med,high,med,male,Simmons
Samoyed,23965.4852,52.8064,12.4192,high,high,med,male,Brown
Jack Russel Terrier,6232.7008,33.0557,13.2162,high,low,short,female,Wright
Samoyed,30545.5039,55.2016,10.3924,med,high,med,female,Gould
Jack Russel Terrier,5849.2095,35.4801,12.174,high,med,short,female,Evans
Great Dane,46951.6327,,7.3,med,high,short,male,Conner
Pit Bull,21391.7184,45.1814,11.0549,med,high,short,male,Johnson
Great Dane,44162.7758,80.8431,6.3686,med,high,short,female,Williams
Pit Bull,25229.7282,45.8734,11.5491,high,high,short,female,Nicholson
Samoyed,19401.7103,52.0944,11.3865,med,high,med,male,Mcbride
Samoyed,22613.1026,52.2164,10.9267,med,med,short,female,Fisher
Pit Bull,43019.7467,,10.8684,med,high,short,female,Rivera
Pit Bull,23156.4731,46.1122,11.6674,high,med,short,female,Wise
Samoyed,18174.1478,51.5853,10.9359,med,high,med,female,Massey
Samoyed,22701.9078,55.5824,11.3402,med,high,med,female,Thomas
Samoyed,26172.5357,54.0225,10.4793,med,high,med,male,Sloan
Jack Russel Terrier,5245.8679,34.8923,13.6523,high,med,short,female,Stephanie
Pit Bull,29413.7089,46.7712,10.1425,med,high,short,female,Mullen
Great Dane,50584.4603,80.1193,6.7239,med,high,med,male,Simon
Samoyed,24162.4038,53.8051,11.4763,med,high,short,male,Miller
Great Dane,51996.6991,73.2981,6.2465,med,high,short,female,Hall
Jack Russel Terrier,6395.2611,,13.7605,high,high,med,male,Davis
Jack Russel Terrier,5235.9656,,14.0047,med,med,short,male,Francis
Pit Bull,23833.9978,45.7342,12.5727,med,high,med,male,Johnson
Great Dane,48510.0495,78.0515,6.5018,med,high,short,female,Taylor
Pit Bull,30153.2731,46.541,12.8655,high,high,short,male,Lane
Great Dane,47515.8339,80.7491,7.4972,med,high,short,female,Reynolds
Samoyed,19969.271,51.9791,10.5563,med,high,med,female,Browning
Great Dane,48066.0102,78.597,7.5766,med,high,short,male,Morse
Pit Bull,14978.4854,46.2514,12.9142,med,high,short,female,Thomas
Great Dane,52140.4317,,7.7121,med,high,med,female,Beasley
Great Dane,49850.7156,79.2839,6.2058,med,med,short,male,Bennett
Pit Bull,28169.4964,46.3959,12.5583,high,med,short,male,Jones
Great Dane,50743.8267,80.7344,7.7736,high,high,short,male,Friedman
Samoyed,22402.1495,55.7408,11.3883,high,med,med,female,Davis
Samoyed,21384.3029,53.0406,10.9178,med,high,long,female,Brown
Pit Bull,27410.1707,45.802,11.561,med,med,short,male,Ramos
Pit Bull,26894.4713,,11.5999,med,high,short,male,Turner
Great Dane,51428.0023,77.209,7.4642,med,high,short,female,Cantrell
Pit Bull,23035.6216,45.4474,12.0778,med,high,short,male,Green
Samoyed,25697.2408,51.7948,10.7664,high,high,med,female,Cole
Jack Russel Terrier,6536.4787,34.1767,14.0752,high,low,med,male,Bennett
Pit Bull,23938.4363,,11.9468,med,high,short,male,Pittman
Pit Bull,14737.2361,46.6362,12.4323,med,high,short,female,Wiley
Samoyed,27635.944,54.8803,10.7239,med,high,med,female,Robinson
Great Dane,51056.7704,78.8453,6.5166,med,med,short,female,Obrien
Jack Russel Terrier,5301.1315,34.5545,15.3293,high,med,short,male,Brown
Pit Bull,20490.6827,46.4089,12.2322,med,high,short,male,Reid
Pit Bull,35594.0528,45.3657,11.4273,high,high,short,female,Nicholson
Great Dane,55495.432,80.1456,7.1847,high,high,short,male,Hayes
Great Dane,48064.0011,,6.8355,med,high,med,male,Hughes
Jack Russel Terrier,6924.3917,34.2404,13.9812,high,high,short,female,Graham
Jack Russel Terrier,6110.7451,34.1397,13.0185,high,med,med,male,Hatfield
Samoyed,21386.0966,55.4344,10.2052,med,high,med,male,Mcgee
Great Dane,50339.4238,,6.6779,high,high,short,male,Maldonado
Great Dane,53401.252,80.7005,6.0946,med,high,med,female,Anthony
Great Dane,47491.3462,82.3216,7.8263,high,high,short,male,Shaw
Pit Bull,25521.3368,46.2366,11.5564,med,high,short,male,White
Great Dane,53067.9201,77.3636,8.0895,med,med,short,female,West
Pit Bull,34937.4079,,11.8924,med,high,short,female,Sharp
Pit Bull,20422.7337,46.7137,12.632,med,med,short,male,Brown
Samoyed,26179.379,51.9258,11.2273,med,med,med,female,Valencia
Pit Bull,13069.1216,46.1541,11.1154,med,high,short,female,Suarez
Pit Bull,20489.3097,46.0249,12.8026,med,high,short,female,Long
Jack Russel Terrier,6700.3304,33.7218,14.8819,high,med,short,male,White
Jack Russel Terrier,4097.6912,,12.8,high,med,short,male,Calderon
Samoyed,20728.9763,56.1396,11.27,med,high,med,female,Wu
Samoyed,25972.7941,,10.6672,med,high,med,female,Todd
Great Dane,51006.442,,8.3387,low,high,short,male,Lawson
Samoyed,23178.164,54.5909,11.0139,med,high,med,female,Avila
Samoyed,26717.1482,,11.1172,med,high,med,male,Gomez
Samoyed,27928.6925,53.9663,10.9577,med,high,med,female,Noble
Samoyed,12465.2694,54.8574,10.536,med,high,med,female,Leonard
Jack Russel Terrier,5988.0351,33.5072,13.9491,high,med,short,female,Allen
Great Dane,45363.3477,78.8553,6.9303,med,high,med,female,Rios
Jack Russel Terrier,6893.7416,34.3684,14.0769,med,med,short,female,Odom
Great Dane,51945.5346,74.8778,6.7778,med,high,short,male,Gutierrez
Jack Russel Terrier,7429.2758,34.3937,13.528,high,med,short,female,Hart
Pit Bull,29425.9409,47.2589,12.0327,med,high,short,female,Roberts
Pit Bull,27932.9519,46.5487,12.049,med,high,short,female,Rivera
Jack Russel Terrier,6600.4861,34.4522,13.9976,med,med,med,male,Anderson
Pit Bull,30211.7576,46.272,11.8153,med,high,short,male,Warren
Pit Bull,29541.6218,45.8159,12.6632,low,high,short,male,Rodriguez
Great Dane,52257.8877,77.3109,6.5422,med,high,short,male,Martinez
Pit Bull,27565.3054,46.1986,13.1225,low,high,short,male,Leblanc
Pit Bull,22126.7607,45.8655,12.6056,med,high,short,male,Thomas
Jack Russel Terrier,6947.6329,33.7283,14.0978,high,med,short,male,Prince
Great Dane,48931.8314,76.991,8.0108,high,high,short,male,Foster
Jack Russel Terrier,7684.9286,33.5102,13.6554,high,med,short,male,Wallace
Jack Russel Terrier,6834.3711,33.0418,14.3085,high,med,short,male,Jones
Jack Russel Terrier,6346.6023,34.4339,13.7559,high,med,short,male,Cruz
Pit Bull,34031.9821,,11.9332,med,high,short,male,Benton
Jack Russel Terrier,6306.6776,34.1574,13.2847,high,med,short,female,Rasmussen
Great Dane,52786.8904,80.2291,6.5409,med,med,short,male,Howell
Pit Bull,19878.5809,46.0746,13.1835,med,high,short,female,Ferguson
Pit Bull,23096.8204,45.8545,11.5089,med,high,short,female,Shea
Samoyed,27386.7585,53.4057,11.905,med,high,med,female,Robinson
Great Dane,50833.2281,79.5031,7.2162,med,high,short,female,Li
Samoyed,21844.6206,53.2717,10.0837,med,high,med,female,Graham
Jack Russel Terrier,5429.4481,34.2942,13.795,high,med,short,female,Diaz
Samoyed,19647.9871,53.5792,10.2985,low,high,short,female,Howard
Great Dane,47806.6301,77.9701,7.1952,med,high,short,female,Parker
Pit Bull,25297.2384,,12.1495,med,med,short,male,Hunt
Samoyed,25654.861,56.4512,11.0062,med,high,short,female,Kelley
Samoyed,26313.2963,52.3996,10.8508,med,high,med,female,Black
Great Dane,50044.0399,80.4174,5.9565,med,high,short,male,Miller
Samoyed,32273.8064,,10.124,med,high,med,male,Price
Samoyed,16945.7462,53.1896,10.3446,low,high,med,male,King
Jack Russel Terrier,8692.7432,34.0998,13.947,med,high,short,male,Mason
Pit Bull,14855.9528,45.9502,11.4864,med,high,short,male,Giles
Pit Bull,18868.8057,45.8065,11.6395,med,high,short,male,Morales
Pit Bull,27116.2549,46.7268,12.4486,med,high,short,male,Stafford
Jack Russel Terrier,8999.5539,,14.1479,high,med,short,male,Wise
Jack Russel Terrier,5636.2915,32.8647,14.3784,high,med,short,male,Vaughn
Pit Bull,28772.7825,46.6696,10.9608,med,high,short,female,Karen
Jack Russel Terrier,6061.0501,34.3761,14.2804,high,low,med,male,Thomas
Samoyed,23496.8505,52.934,11.3033,med,high,short,female,Simpson
Great Dane,48246.6429,,8.3061,low,high,short,female,Perez
Pit Bull,18920.9051,46.0838,12.1764,med,high,med,male,Leonard
Pit Bull,28609.9411,45.5704,12.5399,med,high,short,female,Peterson
Jack Russel Terrier,5578.8095,34.018,12.9374,high,med,short,female,Dunlap
Pit Bull,21907.6946,,12.3352,med,high,short,male,Alexander
Samoyed,25416.144,53.7157,10.2435,med,high,short,female,Prince
Jack Russel Terrier,8131.2771,33.7892,14.8437,med,med,short,male,Garner
Samoyed,17926.3522,52.213,11.3214,med,high,long,male,Pineda
Pit Bull,30516.0422,45.3629,12.3943,med,high,short,female,Garcia
Great Dane,51379.0641,75.3488,7.6266,med,high,short,female,Hoffman
Jack Russel Terrier,7610.1858,33.7849,14.601,high,med,short,female,Miller
Pit Bull,22523.9848,46.0957,12.5499,med,high,med,male,Santos
Samoyed,22851.9908,52.0732,11.2117,med,high,med,female,Washington
Great Dane,50061.4808,,7.3303,med,high,short,male,Andrade
Great Dane,51699.1342,78.8712,7.1053,med,high,short,male,Dominguez
Great Dane,49190.8554,77.8835,5.8727,med,med,short,male,Lewis
Jack Russel Terrier,7124.8541,,13.674,high,med,short,male,Gonzalez
Jack Russel Terrier,6556.2848,33.4988,13.6619,high,med,short,female,Thompson
Pit Bull,19127.4442,45.4507,12.7627,low,high,short,male,Anderson
Jack Russel Terrier,8316.5825,33.4113,14.4921,high,med,short,male,Yates
Pit Bull,24617.2902,,12.4595,med,high,short,male,Brown
Great Dane,47488.4833,79.456,7.5106,med,high,short,female,Matthews
Jack Russel Terrier,4998.141,34.337,14.6143,high,low,short,female,Young
Pit Bull,15503.2264,45.1827,12.9477,med,high,short,female,Powell
Samoyed,20051.01,54.4724,10.5531,med,high,med,male,Anderson
Pit Bull,23327.0098,46.2543,11.8942,med,med,med,male,Keller
Samoyed,18849.9547,53.3608,11.296,med,high,med,female,Lee
Samoyed,31802.0965,54.5957,10.3347,low,high,med,female,Brown
Jack Russel Terrier,5788.9955,34.1999,13.412,high,med,med,male,Romero
Pit Bull,32106.861,45.8312,12.4843,med,high,short,male,Smith
Pit Bull,20963.801,45.5814,12.826,med,high,med,female,Campos
Samoyed,19722.8416,53.2302,10.4758,med,high,med,female,Mckinney
Jack Russel Terrier,7352.0119,34.0419,13.6832,high,low,short,female,Clark
Jack Russel Terrier,5658.8703,34.4957,13.538,med,med,short,female,Donovan
Samoyed,22903.0056,53.6334,11.7281,med,high,short,male,Harmon
Great Dane,46964.4356,76.8712,7.0605,low,high,short,male,Thornton
Great Dane,48351.9346,78.6788,8.2722,med,med,short,female,Hanson
Samoyed,24990.6622,52.6983,10.8386,med,med,med,male,Estes
Pit Bull,23471.6897,46.1047,11.389,med,high,short,female,Stuart
Great Dane,51486.6117,79.1412,8.146,med,med,short,male,Butler
Great Dane,50516.7676,,6.8016,high,high,short,male,Watson
Pit Bull,34679.1003,45.131,13.3041,med,high,short,male,Christopher
Pit Bull,14259.3032,45.7309,12.5487,high,high,short,female,Harper
Jack Russel Terrier,6235.8257,33.0934,13.9571,med,med,short,female,Perez
Great Dane,52306.9017,,6.5271,low,med,short,female,Copeland
Pit Bull,15571.9854,,11.739,low,high,short,male,Hernandez
Great Dane,51664.4212,77.1084,7.7733,med,high,short,male,King
Pit Bull,27400.6063,46.555,12.1383,low,high,short,male,Smith
Jack Russel Terrier,5938.1152,34.1208,13.9573,high,med,short,male,Romero
Jack Russel Terrier,7224.2442,33.5086,14.9371,high,med,med,male,Jacobson
Pit Bull,30334.4558,46.0811,12.4318,med,high,short,male,Long
Pit Bull,9429.7144,,12.4762,med,high,short,female,Anderson
Samoyed,18796.4606,54.4405,11.0053,med,high,med,female,Perkins
Samoyed,22966.3048,54.429,11.0234,med,med,long,male,Green
Jack Russel Terrier,5638.8386,34.9688,12.8956,med,med,short,male,Hunt
Pit Bull,15040.6118,46.1292,11.7217,med,high,short,male,Ross
Jack Russel Terrier,5550.4315,33.8599,14.1041,high,med,med,male,Villanueva
Great Dane,49210.417,,7.1773,med,med,med,male,Schultz
Samoyed,20046.1835,54.0963,10.0779,med,high,long,male,Roberts
Jack Russel Terrier,6784.8729,33.0625,14.4691,high,med,short,male,Larson
Great Dane,47628.9854,79.4053,6.5345,high,high,med,male,Roberts
Jack Russel Terrier,6744.3138,33.7,13.8436,high,med,short,male,Crane
Pit Bull,30563.8392,,10.9436,med,high,short,male,Graves
Jack Russel Terrier,6903.577,,14.3539,high,med,short,female,Thompson
Great Dane,53340.9442,80.9028,6.076,med,high,short,female,Ramos
Samoyed,20934.4673,53.8453,12.2599,low,high,med,male,Cowan
Jack Russel Terrier,6124.26,33.3978,13.7785,high,med,short,male,Figueroa
Pit Bull,19415.3389,45.8573,12.0585,high,high,short,male,Johnson
Samoyed,22440.1434,,11.6525,low,high,med,female,Powell
Pit Bull,29364.7138,,11.7407,med,high,short,female,Jacobson
Pit Bull,34419.7048,47.5159,12.1355,med,med,med,female,Cummings
Great Dane,47644.7313,76.3472,7.3235,med,high,med,female,Harris
Samoyed,20853.4549,55.7241,11.2334,low,high,med,male,Tate
Jack Russel Terrier,6208.3364,33.988,14.6783,high,med,short,female,Williams
Jack Russel Terrier,7048.9813,33.0218,14.149,high,med,short,female,Robinson
Samoyed,20752.472,,10.85,med,high,long,male,Figueroa
Jack Russel Terrier,5003.6327,,13.1623,high,med,short,male,Fischer
Pit Bull,27578.8121,45.8515,13.2451,med,high,med,female,Mccall
Great Dane,54840.0297,79.6094,7.1805,med,high,short,female,Marks
Great Dane,52393.4262,,6.0189,med,med,med,female,Chase
Pit Bull,26209.1021,45.4025,13.0689,low,high,short,male,Morgan
Jack Russel Terrier,7297.7964,33.9996,13.2201,high,med,med,male,Smith
Pit Bull,24178.9691,46.0818,11.3609,med,high,med,male,Pierce
Pit Bull,29486.9715,45.6522,12.1787,med,high,short,female,Roberts
Samoyed,27850.5515,,11.7305,med,high,med,female,Rivera
Samoyed,21094.531,54.698,10.8481,med,high,med,male,Nixon
Pit Bull,25547.1395,46.6343,12.3622,med,high,short,female,Callahan
Great Dane,49821.2156,77.638,7.1123,med,high,short,male,Lambert
Jack Russel Terrier,5984.1192,34.3808,13.713,high,med,short,male,Alvarez
Pit Bull,22443.2307,46.6274,11.4346,low,high,short,female,Villarreal
Jack Russel Terrier,6243.6825,33.5961,13.4275,high,low,short,female,Baker
Jack Russel Terrier,4473.0323,33.0854,14.4975,high,med,short,male,Curtis
Jack Russel Terrier,5076.9044,33.2383,13.2378,med,med,med,female,Bowman
Samoyed,20470.4468,55.3743,10.7263,med,high,med,female,Parsons
Great Dane,53487.2747,81.1192,6.7515,med,high,short,male,Dawson
Jack Russel Terrier,6915.2879,33.2559,14.1565,high,med,short,female,Gibbs
Pit Bull,28863.0893,46.7507,11.8737,med,high,short,male,Watts
Pit Bull,22584.8909,45.266,12.5615,med,high,short,male,Elliott
Samoyed,27077.4949,52.0577,10.752,med,high,med,female,Barajas
Pit Bull,28166.6281,45.5901,11.39,med,high,short,female,Cochran
Samoyed,22332.6886,53.6522,12.1972,med,high,med,male,Pham
Jack Russel Terrier,6855.5549,34.5399,14.2602,high,med,short,female,Baker
Great Dane,49555.8264,,7.0558,med,high,short,male,Walker
